"","peptide","Acc_id","Ncapped","Lseq"
"1","R.PPSPALASVLLALLLSGAAR.A","P24158",0,"PPSPALASVLLALLLSGAAR"
"2","K.PTHVNVSVVMAEVDGTCY.","P01876",0,"PTHVNVSVVMAEVDGTCY"
"3","MFGGPGTASRPSSSR","P08670",0,"MFGGPGTASRPSSSR"
"4","TYSLGSALRPSTSR","P08670",0,"TYSLGSALRPSTSR"
"5","SSAVR","P08670",0,"SSAVR"
"6","LLQDSVDFSLADAINTEFK","P08670",0,"LLQDSVDFSLADAINTEFK"
"7","RFLEQQNK","P08670",0,"RFLEQQNK"
"8","RQVDQLTNDK","P08670",0,"RQVDQLTNDK"
"9","QDVDNASLAR","P08670",0,"QDVDNASLAR"
"10","QQYESVAAK","P08670",0,"QQYESVAAK"
"11","QVQSLTCEVDALK","P08670",0,"QVQSLTCEVDALK"
"12","MALDIEIATYR","P08670",0,"MALDIEIATYR"
"13","ETNLDSLPLVDTHSK","P08670",0,"ETNLDSLPLVDTHSK"
"14","NALLSLAK","P04083",0,"NALLSLAK"
"15","ALYEAGER","P04083",0,"ALYEAGER"
"16","VLDLELK","P04083",0,"VLDLELK"
"17","SEIDMNDIK","P04083",0,"SEIDMNDIK"
"18","MYGISLCQAILDETK","P04083",0,"MYGISLCQAILDETK"
"19","T.n[35.07]SDTSGDFR.N","P04083",1,"SDTSGDFR"
"20",".n[43.02]MSTRSVSSSSYR.R","P08670",1,"MSTRSVSSSSYR"
"21","LLETIDQLYLEYAK","P12814",0,"LLETIDQLYLEYAK"
"22","LAILGIHNEVSK","P12814",0,"LAILGIHNEVSK"
"23","GISQEQMNEFR","P12814",0,"GISQEQMNEFR"
"24","ELPPDQAEYCIAR","P12814",0,"ELPPDQAEYCIAR"
"25","W.n[35.07]DNLGALTQK.R","P12814",1,"DNLGALTQK"
"26","LEDFLDNER","Q16512",0,"LEDFLDNER"
"27","M.n[43.02]ASDAVQSEPR.S","Q16512",1,"ASDAVQSEPR"
